,a,b,c,d,e,f
23,1.1847852546377944,0.8654296094898455,-1.103580398489274,-1.1028432470770229,-1.299764886719829,-0.9469172787709017
312,0.7857086578648961,-1.5947303669500186,-1.103580398489274,0.5977631477988797,1.1465772706735302,-0.598251818652742
139,1.454424611282997,-0.7746770414700639,1.6325693498312401,-1.613025165539794,-0.7755487101355376,0.099079101583577
506,1.1780933404693257,1.3574616047778183,0.6065131942110474,1.1079450662616506,1.3213159962016274,-0.9469172787709017
797,-2.2498279414282227,0.045376284009890834,0.0934851164009509,-0.25254004963907156,-0.42607125907934346,0.6220772917608165
600,-1.0450758114039473,-1.1026983716620458,0.26449447567098305,-0.4226006891266618,0.9718385451454333,0.6220772917608165
425,0.6844150817612216,-0.11863438108610011,-1.2745897577593062,0.7678237872864702,0.622361094089239,1.493740942056215
309,-0.647563901217386,1.3574616047778183,-0.9325710392192418,-1.1028432470770229,-0.42607125907934346,-0.07525362847550279
383,0.395397317481338,-0.11863438108610011,-1.6166084762993704,1.1079450662616506,1.4960547217297246,0.2734118316426568
566,-0.4421013395101692,-0.9386877065660549,-0.5905523206791776,-1.4429645260522037,0.09814491750494779,0.099079101583577
415,1.5477234489662577,1.3574616047778183,-0.07752424286908122,-0.7627219681018423,-0.7755487101355376,0.2734118316426568
709,-0.7636875204636266,1.5214722698738092,1.2905506312911759,0.4277025083112895,-0.42607125907934346,-0.598251818652742
487,-1.791984929066695,1.0294402745858366,-1.2745897577593062,-1.4429645260522037,-0.6008099846074406,-1.4699154689481413
437,1.1628926678538347,-0.446655711278082,1.6325693498312401,0.4277025083112895,1.1465772706735302,1.1450754819380558
116,-0.5590927686676687,0.045376284009890834,0.0934851164009509,0.9378844267740604,0.9718385451454333,0.970742751878976
872,-0.8480651967279739,-0.11863438108610011,-0.9325710392192418,1.6181269847244213,1.6707934472578216,0.7964100218198962
413,-1.91604523651154,0.3733976142018727,-0.24853360213911338,1.448066345236831,-1.1250261611917318,-1.644248199007221
3,-0.5277987267255358,-1.1026983716620458,-0.5905523206791776,-1.4429645260522037,-0.42607125907934346,0.099079101583577
845,-0.3613969465076431,1.3574616047778183,-0.7615616799492096,-1.1028432470770229,-1.649242337776023,0.2734118316426568
972,-0.8557545977497407,0.045376284009890834,0.9485319127511116,0.4277025083112895,-0.7755487101355376,0.44774456170173665
918,-0.5610163384509929,-0.446655711278082,-1.103580398489274,-0.25254004963907156,1.1465772706735302,1.1450754819380558
532,-0.9298703145858495,1.5214722698738092,-1.4455991170293383,0.08758122933610897,1.3213159962016274,-0.24958635853458258
201,1.0393844447697436,0.3733976142018727,0.0934851164009509,0.2576418688236992,-0.7755487101355376,0.099079101583577
664,0.13430139800526164,1.3574616047778183,-0.24853360213911338,-0.7627219681018423,0.9718385451454333,1.493740942056215
915,-1.3267812680861895,0.5374082792978637,1.2905506312911759,-1.1028432470770229,1.3213159962016274,-1.4699154689481413
929,0.9586070383734873,0.3733976142018727,0.26449447567098305,-1.1028432470770229,0.44762236856114196,-1.1212500088299815
851,0.3969408262791561,1.1934509396818274,-0.24853360213911338,1.1079450662616506,-1.4745036122479258,-1.1212500088299815
168,-1.839177380993541,-0.446655711278082,0.0934851164009509,-0.08247941015148132,1.4960547217297246,-1.644248199007221
612,-1.3570059570593673,1.3574616047778183,-1.2745897577593062,-1.4429645260522037,1.1465772706735302,0.7964100218198962
892,-0.24435577596731814,-0.610666376374073,-1.103580398489274,0.7678237872864702,0.44762236856114196,-0.4239190885936623
853,0.41629669898992305,1.1934509396818274,0.7775225534810796,1.2780057057492409,-1.1250261611917318,-0.24958635853458258
206,0.5410574919489609,-0.2826450461820911,0.4355038349410152,-1.613025165539794,0.7970998196173361,1.668073672115295
593,-1.5911633209299756,0.5374082792978637,-0.7615616799492096,-0.25254004963907156,-0.6008099846074406,-0.4239190885936623
754,-2.779705461876604,-1.5947303669500186,-1.2745897577593062,1.2780057057492409,-0.7755487101355376,-0.24958635853458258
963,-0.8688740664833892,-0.446655711278082,-0.4195429614091455,-0.7627219681018423,-1.4745036122479258,-0.598251818652742
86,-0.18396832088065165,1.0294402745858366,-0.5905523206791776,-1.1028432470770229,-0.9502874356636347,1.1450754819380558
321,-0.5424424833857256,0.3733976142018727,0.9485319127511116,1.2780057057492409,0.2728836430330449,1.1450754819380558
357,-0.5178348748272482,-0.446655711278082,0.0934851164009509,0.7678237872864702,0.44762236856114196,-0.7725845487118218
547,1.2058638598726792,-0.2826450461820911,-0.07752424286908122,1.448066345236831,0.2728836430330449,-1.4699154689481413
718,-0.8045708589785759,-0.610666376374073,-0.07752424286908122,0.4277025083112895,-0.9502874356636347,0.099079101583577
141,-0.11863098361587664,-0.9386877065660549,1.119541272021144,1.6181269847244213,1.1465772706735302,-0.598251818652742
117,-0.11694875712209284,-1.266709036758037,1.2905506312911759,-1.1028432470770229,-0.9502874356636347,1.3194082119971355
535,0.926220945196525,0.045376284009890834,0.26449447567098305,0.2576418688236992,-0.42607125907934346,0.970742751878976
135,-0.5157226369916001,-1.4307197018540276,1.461559990561208,0.7678237872864702,0.44762236856114196,1.1450754819380558
103,-0.8675451194588286,-0.9386877065660549,1.6325693498312401,-1.2729038865646132,-1.649242337776023,-1.644248199007221
433,-0.8426694280177653,1.0294402745858366,1.119541272021144,1.6181269847244213,-0.25133253355124635,1.668073672115295
697,0.036386734068953104,-0.11863438108610011,-1.2745897577593062,1.6181269847244213,-1.4745036122479258,1.493740942056215
177,-0.01319326689245759,-0.446655711278082,1.119541272021144,1.1079450662616506,-1.299764886719829,1.1450754819380558
231,0.912544667576062,0.045376284009890834,-1.2745897577593062,0.5977631477988797,-0.9502874356636347,0.7964100218198962
59,0.13965002674990157,-0.9386877065660549,-1.6166084762993704,1.6181269847244213,0.9718385451454333,-0.4239190885936623
76,-0.5599841527921327,0.8654296094898455,-1.2745897577593062,-1.2729038865646132,0.09814491750494779,-1.4699154689481413
672,1.6406753155635905,-1.4307197018540276,-1.2745897577593062,-0.08247941015148132,-0.07659380802314927,-0.24958635853458258
152,0.7145155273185462,-1.5947303669500186,-1.2745897577593062,-0.4226006891266618,0.44762236856114196,-0.9469172787709017
643,-1.3812836505712742,-0.7746770414700639,0.9485319127511116,-0.25254004963907156,-1.4745036122479258,0.970742751878976
712,-1.0876342600817355,-0.2826450461820911,-1.103580398489274,0.2576418688236992,1.4960547217297246,1.668073672115295
519,-1.2634701136673734,-1.4307197018540276,1.461559990561208,-0.4226006891266618,0.2728836430330449,-0.7725845487118218
239,0.00013655056408348946,-1.4307197018540276,-0.9325710392192418,-1.4429645260522037,-1.1250261611917318,0.7964100218198962
903,0.6373387059449042,-0.610666376374073,1.461559990561208,1.1079450662616506,-1.4745036122479258,1.493740942056215
384,1.6796690469553421,-1.5947303669500186,1.2905506312911759,0.4277025083112895,-1.299764886719829,1.3194082119971355
511,-0.10764097761773843,-0.9386877065660549,1.461559990561208,-0.9327826075894327,-1.299764886719829,1.668073672115295
482,0.06991934706817725,1.1934509396818274,0.4355038349410152,1.2780057057492409,-0.07659380802314927,0.970742751878976
884,-1.0118211602293008,-1.5947303669500186,0.7775225534810796,-0.08247941015148132,1.6707934472578216,-0.24958635853458258
270,1.8184381483128749,-1.266709036758037,-1.4455991170293383,1.1079450662616506,-0.7755487101355376,0.099079101583577
509,0.444357792848632,0.7014189443938545,-0.4195429614091455,-0.4226006891266618,0.09814491750494779,-1.644248199007221
299,-0.6620942114349636,-0.7746770414700639,1.119541272021144,-0.7627219681018423,0.09814491750494779,0.6220772917608165
952,1.109698083637739,1.5214722698738092,0.0934851164009509,-1.4429645260522037,-0.25133253355124635,-0.07525362847550279
285,-0.1232496115832951,-0.11863438108610011,0.4355038349410152,-0.5926613286142522,-0.25133253355124635,1.1450754819380558
266,0.8004498702179571,1.0294402745858366,-1.6166084762993704,-1.1028432470770229,-0.7755487101355376,1.668073672115295
717,1.0938444686042232,0.5374082792978637,-0.9325710392192418,-1.613025165539794,0.44762236856114196,-0.598251818652742
238,1.8291544533671236,-1.5947303669500186,-1.6166084762993704,-1.613025165539794,0.622361094089239,-0.9469172787709017
771,-0.32652434613081993,0.045376284009890834,-1.6166084762993704,-0.08247941015148132,0.44762236856114196,1.668073672115295
144,-0.36316849849113264,-0.7746770414700639,1.461559990561208,0.7678237872864702,0.9718385451454333,-0.598251818652742
654,1.243301683903398,0.2093869491058818,0.26449447567098305,0.08758122933610897,-0.07659380802314927,0.2734118316426568
846,0.3539318106617561,1.3574616047778183,-1.103580398489274,1.6181269847244213,1.1465772706735302,-0.7725845487118218
105,-0.8859665147136695,-0.2826450461820911,0.9485319127511116,-1.4429645260522037,0.2728836430330449,1.493740942056215
770,-0.36038494597075754,1.1934509396818274,-1.103580398489274,-1.4429645260522037,1.3213159962016274,-0.598251818652742
36,0.9292703623607367,0.045376284009890834,0.4355038349410152,-0.9327826075894327,-1.649242337776023,1.668073672115295
74,-0.7365491554904018,0.8654296094898455,-1.4455991170293383,0.2576418688236992,-0.9502874356636347,1.493740942056215
61,1.2244718490314226,0.5374082792978637,-1.2745897577593062,-0.9327826075894327,0.09814491750494779,-1.644248199007221
434,-0.5311174651398594,-1.5947303669500186,-1.6166084762993704,1.2780057057492409,-1.4745036122479258,-0.598251818652742
939,0.7918944589438586,-0.9386877065660549,-0.7615616799492096,-1.2729038865646132,-0.7755487101355376,1.493740942056215
98,-0.33496838830468795,-1.4307197018540276,1.6325693498312401,-1.613025165539794,0.9718385451454333,-1.2955827388890613
501,0.6454559771407711,0.2093869491058818,-0.07752424286908122,-1.2729038865646132,0.9718385451454333,0.44774456170173665
163,-0.057839697157462705,-0.610666376374073,-0.07752424286908122,0.9378844267740604,1.1465772706735302,-1.644248199007221
682,-1.0888397158954435,1.3574616047778183,0.0934851164009509,-1.1028432470770229,-0.7755487101355376,-0.9469172787709017
893,-0.5070276794579232,-0.2826450461820911,0.9485319127511116,0.2576418688236992,-1.1250261611917318,0.44774456170173665
914,0.8327226599784909,0.045376284009890834,0.0934851164009509,1.2780057057492409,1.6707934472578216,-0.9469172787709017
388,-2.114243628556884,1.5214722698738092,1.2905506312911759,-1.4429645260522037,-0.07659380802314927,-0.4239190885936623
75,1.4995075323449474,-0.2826450461820911,-0.24853360213911338,1.6181269847244213,0.2728836430330449,-1.644248199007221
565,0.06944823546143712,1.5214722698738092,-0.24853360213911338,0.7678237872864702,-1.4745036122479258,0.099079101583577
471,-0.3308697211891642,-1.1026983716620458,1.461559990561208,1.2780057057492409,0.7970998196173361,-1.4699154689481413
255,1.8994248960303783,-0.7746770414700639,-0.07752424286908122,0.7678237872864702,-0.7755487101355376,-0.4239190885936623
256,-0.0643956034115714,-0.446655711278082,1.119541272021144,-1.2729038865646132,-0.7755487101355376,0.44774456170173665
946,-0.8556480047217913,1.1934509396818274,-0.07752424286908122,-0.7627219681018423,-1.649242337776023,-1.2955827388890613
624,0.2389971427370937,0.045376284009890834,-0.07752424286908122,-0.5926613286142522,1.4960547217297246,0.7964100218198962
343,0.9423186045305996,-0.446655711278082,0.6065131942110474,-0.7627219681018423,-0.6008099846074406,-0.07525362847550279
45,0.48115084222129006,-1.4307197018540276,-1.4455991170293383,1.1079450662616506,-0.42607125907934346,-1.644248199007221
414,0.37370680612439905,0.045376284009890834,-0.5905523206791776,-1.4429645260522037,-0.7755487101355376,-0.9469172787709017
911,1.6791168800384797,0.3733976142018727,1.119541272021144,-0.9327826075894327,-0.7755487101355376,0.970742751878976
155,1.2168195816009009,0.3733976142018727,-0.4195429614091455,-0.5926613286142522,0.9718385451454333,0.44774456170173665
819,-1.6170441509517939,-0.2826450461820911,1.2905506312911759,0.08758122933610897,-0.6008099846074406,-0.9469172787709017
767,1.4812503654737315,-0.610666376374073,0.9485319127511116,0.7678237872864702,0.7970998196173361,-1.644248199007221
342,-1.4825200462171755,1.3574616047778183,-1.103580398489274,-0.9327826075894327,0.7970998196173361,-1.2955827388890613
65,-1.301217821237897,-0.7746770414700639,1.6325693498312401,1.1079450662616506,-1.4745036122479258,-0.24958635853458258
283,1.0083149353741503,1.1934509396818274,-1.103580398489274,-0.7627219681018423,0.622361094089239,-0.7725845487118218
618,-0.49279375419517274,-1.1026983716620458,1.119541272021144,0.2576418688236992,1.1465772706735302,1.493740942056215
865,1.803044031501094,1.5214722698738092,-1.103580398489274,0.4277025083112895,1.4960547217297246,-1.2955827388890613
212,-0.5104408018661695,0.5374082792978637,0.6065131942110474,0.4277025083112895,-0.9502874356636347,-0.7725845487118218
647,-0.13355458640450701,0.7014189443938545,-0.07752424286908122,-1.613025165539794,-1.4745036122479258,-0.7725845487118218
457,0.7266056219936511,1.1934509396818274,0.9485319127511116,0.7678237872864702,1.6707934472578216,0.970742751878976
432,0.09402156131933498,-0.11863438108610011,1.2905506312911759,-0.7627219681018423,-0.07659380802314927,-0.07525362847550279
373,1.722774417687953,-0.11863438108610011,-0.4195429614091455,1.448066345236831,-0.6008099846074406,-0.24958635853458258
258,-0.8325819489573083,-1.266709036758037,0.26449447567098305,0.4277025083112895,-1.649242337776023,0.099079101583577
426,0.40617178429344747,1.0294402745858366,0.4355038349410152,-0.4226006891266618,-0.07659380802314927,-1.1212500088299815
799,1.0853492560598623,1.5214722698738092,0.7775225534810796,-0.25254004963907156,-1.1250261611917318,-0.598251818652742
474,0.0629701628733098,-0.446655711278082,-0.7615616799492096,0.08758122933610897,0.622361094089239,-0.24958635853458258
816,0.1269537469837414,0.5374082792978637,1.2905506312911759,0.5977631477988797,0.2728836430330449,-0.24958635853458258
528,0.3681637798249507,-1.266709036758037,0.26449447567098305,0.4277025083112895,1.6707934472578216,0.7964100218198962
130,0.712961904864218,0.3733976142018727,-0.9325710392192418,-0.9327826075894327,-1.299764886719829,0.44774456170173665
533,-0.10409500419529377,-0.610666376374073,1.2905506312911759,-0.5926613286142522,-1.4745036122479258,-0.7725845487118218
453,0.7748504204813973,-0.610666376374073,-0.24853360213911338,0.9378844267740604,0.7970998196173361,0.7964100218198962
608,-1.3652360587586594,0.7014189443938545,0.6065131942110474,-0.08247941015148132,0.09814491750494779,-1.644248199007221
121,1.1950755007925027,0.8654296094898455,1.461559990561208,1.1079450662616506,0.44762236856114196,1.3194082119971355
857,-0.4850053094414672,1.1934509396818274,0.4355038349410152,-1.613025165539794,0.09814491750494779,0.6220772917608165
835,0.30988893730425865,-1.1026983716620458,-1.103580398489274,-1.1028432470770229,0.622361094089239,0.099079101583577
431,1.1066324374678176,1.3574616047778183,-1.4455991170293383,0.2576418688236992,-0.9502874356636347,-0.07525362847550279
571,-1.5446131058713544,-1.266709036758037,1.6325693498312401,-0.5926613286142522,-1.4745036122479258,0.970742751878976
617,-1.2691270366763425,-1.1026983716620458,-0.4195429614091455,1.448066345236831,-1.299764886719829,0.6220772917608165
705,-0.637106209310633,0.3733976142018727,-1.6166084762993704,1.6181269847244213,-0.7755487101355376,0.099079101583577
479,1.0133585346831684,1.1934509396818274,-1.6166084762993704,0.7678237872864702,0.622361094089239,0.970742751878976
854,0.3693960186537886,1.5214722698738092,-0.9325710392192418,-1.4429645260522037,0.7970998196173361,0.099079101583577
820,0.7644317702994784,-1.4307197018540276,-0.24853360213911338,0.08758122933610897,0.2728836430330449,1.1450754819380558
746,-1.4293572865348165,1.1934509396818274,-1.6166084762993704,1.448066345236831,-1.649242337776023,1.3194082119971355
362,-0.7890172622111898,-0.446655711278082,0.26449447567098305,-1.2729038865646132,-0.6008099846074406,-0.07525362847550279
776,2.115132881413097,0.3733976142018727,0.4355038349410152,-1.613025165539794,-0.7755487101355376,1.3194082119971355
786,1.4623267403172955,-0.9386877065660549,0.9485319127511116,1.6181269847244213,-1.4745036122479258,0.44774456170173665
631,-0.09977380603395081,-1.1026983716620458,0.0934851164009509,-0.08247941015148132,-0.9502874356636347,0.2734118316426568
879,-1.5550999600400413,1.5214722698738092,0.26449447567098305,-0.5926613286142522,-0.6008099846074406,0.099079101583577
451,0.06766553128667913,-1.4307197018540276,-0.5905523206791776,-1.4429645260522037,0.622361094089239,0.2734118316426568
785,-1.4387179515159783,-0.446655711278082,-0.9325710392192418,0.5977631477988797,0.09814491750494779,-1.644248199007221
970,-0.8541307403048506,1.5214722698738092,1.119541272021144,0.7678237872864702,0.2728836430330449,-1.2955827388890613
550,-1.0330848121860146,0.5374082792978637,-0.5905523206791776,1.448066345236831,0.7970998196173361,1.668073672115295
671,-0.9623797625061395,0.8654296094898455,0.4355038349410152,0.9378844267740604,0.622361094089239,0.2734118316426568
185,2.4539068894045957,1.5214722698738092,0.6065131942110474,0.2576418688236992,0.2728836430330449,0.2734118316426568
64,1.2882495452976015,0.5374082792978637,0.4355038349410152,-0.7627219681018423,0.9718385451454333,-0.24958635853458258
523,1.230869912671688,1.0294402745858366,1.6325693498312401,0.5977631477988797,1.6707934472578216,1.668073672115295
605,0.6949966708237499,-0.9386877065660549,1.2905506312911759,-0.7627219681018423,0.7970998196173361,-0.24958635853458258
236,0.3260735028851867,1.0294402745858366,1.2905506312911759,1.448066345236831,-1.1250261611917318,-1.644248199007221
131,0.8959048915819978,1.5214722698738092,-0.9325710392192418,1.448066345236831,0.622361094089239,-0.7725845487118218
424,-1.663511160917613,-1.266709036758037,-0.24853360213911338,0.4277025083112895,-0.25133253355124635,-0.07525362847550279
17,0.36370670048023607,0.5374082792978637,0.9485319127511116,-1.4429645260522037,-1.4745036122479258,0.7964100218198962
497,-0.29819475251891703,-0.11863438108610011,0.6065131942110474,1.1079450662616506,-0.9502874356636347,-0.07525362847550279
592,-1.8802526662879946,-0.9386877065660549,1.461559990561208,-0.7627219681018423,-0.42607125907934346,-0.598251818652742
696,-0.1514650274558831,-1.266709036758037,-1.2745897577593062,1.1079450662616506,1.3213159962016274,-0.9469172787709017
778,-1.72142393353382,1.5214722698738092,-1.4455991170293383,-1.2729038865646132,-0.42607125907934346,-0.9469172787709017
215,-0.5577052722569543,0.3733976142018727,0.0934851164009509,0.2576418688236992,0.9718385451454333,-0.9469172787709017
925,-0.27243366441065703,-1.266709036758037,-0.24853360213911338,-0.25254004963907156,-1.1250261611917318,0.44774456170173665
262,1.3782227093543051,-0.446655711278082,-1.6166084762993704,-0.25254004963907156,-0.7755487101355376,0.970742751878976
838,0.012732666533581414,-0.9386877065660549,-0.7615616799492096,-0.7627219681018423,-0.07659380802314927,0.970742751878976
318,-0.35526215058227567,1.3574616047778183,-0.9325710392192418,1.6181269847244213,0.9718385451454333,1.3194082119971355
30,0.2141568513756344,-1.5947303669500186,0.9485319127511116,-1.1028432470770229,0.44762236856114196,-0.598251818652742
53,-1.2861158003811775,-0.2826450461820911,0.7775225534810796,-1.4429645260522037,-1.299764886719829,-1.644248199007221
517,-0.7879408183115961,1.1934509396818274,1.461559990561208,1.2780057057492409,1.6707934472578216,-1.644248199007221
764,0.07796692670678504,0.045376284009890834,-0.07752424286908122,0.08758122933610897,0.7970998196173361,1.493740942056215
539,-1.5594203299751617,0.7014189443938545,0.26449447567098305,1.448066345236831,0.9718385451454333,1.3194082119971355
736,-0.9788959142055403,1.0294402745858366,1.6325693498312401,1.448066345236831,-0.9502874356636347,-1.1212500088299815
694,1.53985547832545,0.7014189443938545,1.2905506312911759,-0.5926613286142522,1.3213159962016274,0.970742751878976
160,-0.27567434020684967,0.045376284009890834,0.9485319127511116,0.4277025083112895,-1.4745036122479258,-1.2955827388890613
34,-1.2336663010879094,1.3574616047778183,0.6065131942110474,1.6181269847244213,0.9718385451454333,-0.7725845487118218
305,-1.5307190619652813,-0.7746770414700639,0.26449447567098305,1.448066345236831,-0.42607125907934346,0.099079101583577
688,-1.0181094259354009,-1.1026983716620458,-1.6166084762993704,0.5977631477988797,-0.9502874356636347,-0.07525362847550279
802,-0.3777770799802014,-1.266709036758037,-0.9325710392192418,0.5977631477988797,1.4960547217297246,1.1450754819380558
87,0.0757245658447665,1.0294402745858366,1.119541272021144,-0.25254004963907156,0.7970998196173361,-0.598251818652742
395,0.7640153818484418,-0.610666376374073,-1.6166084762993704,-0.08247941015148132,-1.1250261611917318,1.1450754819380558
640,-1.3293499129570283,-0.446655711278082,0.6065131942110474,1.2780057057492409,0.2728836430330449,-1.2955827388890613
546,0.4507757763058343,1.5214722698738092,0.0934851164009509,0.7678237872864702,-0.7755487101355376,-1.1212500088299815
183,-0.025868112299316084,1.0294402745858366,-1.2745897577593062,0.2576418688236992,-0.42607125907934346,-0.9469172787709017
943,-1.3264520385583356,0.7014189443938545,0.26449447567098305,1.1079450662616506,-1.299764886719829,0.970742751878976
195,0.6034285254045966,0.045376284009890834,-0.5905523206791776,1.2780057057492409,-0.6008099846074406,-1.1212500088299815
967,-0.0028225780161488176,-1.266709036758037,1.461559990561208,1.6181269847244213,-1.4745036122479258,-0.4239190885936623
372,-0.7948851485844469,-0.7746770414700639,-0.5905523206791776,0.7678237872864702,-0.6008099846074406,-1.1212500088299815
974,1.6704802955257512,-0.7746770414700639,0.4355038349410152,-1.2729038865646132,-0.9502874356636347,0.6220772917608165
958,0.07705291532318836,0.5374082792978637,-0.24853360213911338,0.5977631477988797,-1.649242337776023,0.2734118316426568
729,0.24065735315185133,-1.5947303669500186,0.4355038349410152,-1.2729038865646132,0.7970998196173361,1.1450754819380558
60,-0.6394557474530255,0.2093869491058818,-1.6166084762993704,-0.9327826075894327,0.7970998196173361,-1.644248199007221
923,-0.3411608328715641,1.3574616047778183,1.6325693498312401,-0.4226006891266618,1.4960547217297246,1.668073672115295
71,0.3030769981303342,-0.11863438108610011,1.6325693498312401,0.2576418688236992,0.7970998196173361,1.668073672115295
842,-1.3890531763247447,-0.2826450461820911,-1.2745897577593062,0.08758122933610897,1.3213159962016274,-1.1212500088299815
920,-0.09517079956475491,-0.610666376374073,-0.9325710392192418,1.2780057057492409,-0.7755487101355376,1.668073672115295
738,-0.06709291235915603,0.8654296094898455,1.6325693498312401,-0.4226006891266618,-0.7755487101355376,-0.9469172787709017
159,-0.3196788306449869,1.5214722698738092,-1.103580398489274,-1.4429645260522037,0.7970998196173361,-0.9469172787709017
581,-0.04193077827274877,0.8654296094898455,0.6065131942110474,-1.4429645260522037,0.09814491750494779,1.1450754819380558
331,-0.3697732089113017,-1.1026983716620458,1.119541272021144,-0.08247941015148132,-0.07659380802314927,-0.07525362847550279
910,-0.513886835352084,0.7014189443938545,-0.4195429614091455,1.1079450662616506,-0.9502874356636347,0.7964100218198962
781,-0.1554887947649183,-1.5947303669500186,-1.2745897577593062,-0.4226006891266618,-0.07659380802314927,0.44774456170173665
430,0.28262683111639403,0.3733976142018727,1.2905506312911759,0.4277025083112895,1.6707934472578216,-1.644248199007221
126,0.8450441893833713,1.5214722698738092,-1.6166084762993704,-0.9327826075894327,-1.299764886719829,-1.644248199007221
398,0.2705913687600488,-1.1026983716620458,0.7775225534810796,-0.08247941015148132,-0.07659380802314927,0.44774456170173665
542,-0.5649620478642063,1.3574616047778183,1.461559990561208,1.6181269847244213,-1.649242337776023,0.2734118316426568
37,-0.9688865841891081,-0.610666376374073,-1.6166084762993704,0.2576418688236992,-0.07659380802314927,-1.4699154689481413
203,-0.39784441325238534,-1.266709036758037,0.0934851164009509,-0.5926613286142522,-1.299764886719829,-1.644248199007221
760,-0.26033700929913556,-1.5947303669500186,1.461559990561208,0.2576418688236992,0.09814491750494779,-1.644248199007221
793,1.947150334622773,0.5374082792978637,0.0934851164009509,0.4277025083112895,1.4960547217297246,0.44774456170173665
502,-0.46386871379711087,0.2093869491058818,1.6325693498312401,0.9378844267740604,-1.4745036122479258,-0.4239190885936623
701,0.12975374883658683,-1.5947303669500186,0.7775225534810796,-0.4226006891266618,1.1465772706735302,-0.07525362847550279
245,-0.2731947351105174,-0.446655711278082,-0.9325710392192418,0.4277025083112895,0.622361094089239,-0.4239190885936623
496,-0.2223195684427878,-0.9386877065660549,-1.2745897577593062,0.08758122933610897,1.1465772706735302,-0.7725845487118218
894,0.011605124616877342,1.3574616047778183,0.4355038349410152,-0.9327826075894327,0.44762236856114196,1.3194082119971355
796,1.4258916877872105,1.1934509396818274,0.0934851164009509,0.4277025083112895,-0.42607125907934346,-1.2955827388890613
385,-0.3914533492117415,0.5374082792978637,-0.4195429614091455,-1.4429645260522037,1.6707934472578216,-1.4699154689481413
669,-0.3988919173415396,-0.446655711278082,1.119541272021144,-0.9327826075894327,1.4960547217297246,-0.4239190885936623
123,0.053283205123410345,-1.5947303669500186,-0.24853360213911338,1.1079450662616506,-1.4745036122479258,0.970742751878976
822,-0.2610635143498325,-1.266709036758037,0.4355038349410152,-0.5926613286142522,1.4960547217297246,0.6220772917608165
626,-1.0989314958914633,-0.7746770414700639,-0.9325710392192418,-0.25254004963907156,0.9718385451454333,0.7964100218198962
858,0.701146757863613,-0.11863438108610011,1.119541272021144,-1.613025165539794,0.7970998196173361,-1.1212500088299815
110,-0.9583082193231562,1.0294402745858366,0.7775225534810796,1.6181269847244213,0.622361094089239,1.493740942056215
675,-0.6920351499092822,1.3574616047778183,0.6065131942110474,0.4277025083112895,1.4960547217297246,-1.644248199007221
756,-1.5252580260576483,-1.4307197018540276,-0.24853360213911338,1.6181269847244213,0.09814491750494779,1.3194082119971355
661,-2.017609921335754,-0.2826450461820911,0.7775225534810796,-1.4429645260522037,-0.7755487101355376,-1.4699154689481413
755,0.011999852846101274,1.3574616047778183,0.6065131942110474,-1.613025165539794,-0.7755487101355376,1.668073672115295
382,-0.8289533133127955,-0.2826450461820911,0.9485319127511116,1.448066345236831,-1.299764886719829,1.668073672115295
108,-0.9088917685178555,0.5374082792978637,-1.103580398489274,1.1079450662616506,-1.4745036122479258,-0.7725845487118218
791,-2.5495211572522583,1.5214722698738092,-0.07752424286908122,-1.1028432470770229,-1.649242337776023,-1.4699154689481413
495,-1.126147414497321,1.3574616047778183,1.461559990561208,-0.4226006891266618,-0.7755487101355376,0.970742751878976
46,0.5289882918079915,-1.1026983716620458,0.9485319127511116,-0.4226006891266618,-1.4745036122479258,-0.598251818652742
18,1.242566034919715,0.045376284009890834,1.119541272021144,1.2780057057492409,0.09814491750494779,1.1450754819380558
971,-0.7299060415993578,-1.1026983716620458,-0.4195429614091455,-0.5926613286142522,1.6707934472578216,0.099079101583577
370,-0.29624378823794983,-1.1026983716620458,1.6325693498312401,-1.1028432470770229,0.622361094089239,0.7964100218198962
561,1.0273262610938645,-0.2826450461820911,-0.4195429614091455,1.6181269847244213,-1.1250261611917318,-1.644248199007221
442,-1.249422930143556,1.1934509396818274,0.9485319127511116,-0.08247941015148132,-1.649242337776023,-1.2955827388890613
226,-0.05561849377748978,-0.2826450461820911,-0.9325710392192418,-0.25254004963907156,1.3213159962016274,-1.644248199007221
655,-0.4734991232266298,-1.266709036758037,-1.103580398489274,-0.08247941015148132,0.622361094089239,0.970742751878976
333,0.24925438529806726,1.3574616047778183,-0.7615616799492096,0.4277025083112895,0.622361094089239,-0.24958635853458258
848,0.20439988407047907,1.3574616047778183,-0.5905523206791776,1.1079450662616506,-0.42607125907934346,0.44774456170173665
677,0.5252002667843849,-1.1026983716620458,-0.9325710392192418,-1.2729038865646132,-1.1250261611917318,-1.2955827388890613
435,-0.31525952112919575,-0.7746770414700639,0.4355038349410152,1.2780057057492409,0.622361094089239,1.668073672115295
616,-0.23147478100460345,-0.610666376374073,0.6065131942110474,-1.1028432470770229,0.2728836430330449,-1.1212500088299815
870,0.5425690464657348,1.0294402745858366,-1.2745897577593062,-1.613025165539794,-0.6008099846074406,-0.598251818652742
913,-0.8027573158360571,0.5374082792978637,-1.6166084762993704,0.9378844267740604,0.44762236856114196,-0.598251818652742
449,0.9138914419318459,0.3733976142018727,0.4355038349410152,-0.25254004963907156,-0.6008099846074406,1.1450754819380558
217,0.9208353400733059,0.5374082792978637,1.6325693498312401,1.2780057057492409,-0.7755487101355376,0.6220772917608165
901,-0.4624514125153195,0.3733976142018727,1.461559990561208,-1.613025165539794,-0.42607125907934346,-1.644248199007221
599,1.2335833347764298,1.1934509396818274,0.7775225534810796,-0.25254004963907156,0.622361094089239,-1.644248199007221
724,1.3442671647426863,-1.4307197018540276,-0.07752424286908122,0.9378844267740604,0.09814491750494779,0.2734118316426568
758,1.8242719528694011,0.5374082792978637,-0.9325710392192418,0.7678237872864702,0.9718385451454333,-0.9469172787709017
632,0.8228776360683292,-1.266709036758037,-0.7615616799492096,1.448066345236831,0.09814491750494779,0.44774456170173665
102,-2.20698825219752,1.3574616047778183,0.0934851164009509,1.2780057057492409,-0.42607125907934346,1.1450754819380558
515,-0.13543039250161046,1.0294402745858366,-1.2745897577593062,-1.613025165539794,-0.07659380802314927,0.44774456170173665
733,-0.5064078124942704,0.2093869491058818,-0.5905523206791776,-0.5926613286142522,1.6707934472578216,-1.4699154689481413
827,0.9420614018428526,-1.5947303669500186,-0.5905523206791776,0.7678237872864702,-1.299764886719829,-0.9469172787709017
490,-0.2062702751653289,0.2093869491058818,0.7775225534810796,-0.5926613286142522,1.1465772706735302,0.2734118316426568
980,-0.10382412563271871,0.2093869491058818,0.9485319127511116,-0.9327826075894327,-0.25133253355124635,-1.1212500088299815
69,-0.8570170752600039,0.8654296094898455,-1.4455991170293383,0.4277025083112895,-0.42607125907934346,0.099079101583577
31,1.2655652762586764,0.5374082792978637,1.461559990561208,0.5977631477988797,-0.9502874356636347,0.44774456170173665
987,0.0066406886052994395,1.0294402745858366,0.7775225534810796,0.7678237872864702,-1.1250261611917318,-0.24958635853458258
949,-0.5237390283724602,-0.9386877065660549,1.2905506312911759,0.2576418688236992,-1.299764886719829,0.6220772917608165
703,0.9154529133050557,0.3733976142018727,0.7775225534810796,0.7678237872864702,-1.1250261611917318,-0.9469172787709017
113,1.0021226284028313,-0.9386877065660549,-1.103580398489274,-1.4429645260522037,0.9718385451454333,-0.9469172787709017
77,1.4932174853606548,0.3733976142018727,-0.5905523206791776,1.2780057057492409,-0.07659380802314927,0.099079101583577
181,0.07386447857331963,1.5214722698738092,-0.9325710392192418,0.08758122933610897,-1.299764886719829,1.1450754819380558
902,0.2751563219556998,-1.5947303669500186,0.6065131942110474,-0.4226006891266618,-0.9502874356636347,0.2734118316426568
823,0.1502554952956182,0.8654296094898455,-1.103580398489274,0.08758122933610897,-1.4745036122479258,-1.4699154689481413
627,1.13182083132679,-0.446655711278082,-0.4195429614091455,1.448066345236831,-1.4745036122479258,0.099079101583577
720,-0.7257437925171156,-1.266709036758037,-1.4455991170293383,-0.5926613286142522,0.7970998196173361,-1.1212500088299815
957,0.6271508728303551,0.7014189443938545,-1.2745897577593062,-0.9327826075894327,-0.42607125907934346,-0.598251818652742
280,0.2725473398891671,0.2093869491058818,-0.7615616799492096,1.1079450662616506,-0.07659380802314927,1.1450754819380558
812,0.789634565475627,-0.446655711278082,-0.7615616799492096,-0.9327826075894327,0.622361094089239,0.970742751878976
460,-0.3505725190865439,0.7014189443938545,0.4355038349410152,-1.613025165539794,1.3213159962016274,-0.9469172787709017
228,1.580360655852145,-0.7746770414700639,0.4355038349410152,-0.9327826075894327,0.09814491750494779,-0.24958635853458258
476,-1.4286356464001075,1.0294402745858366,1.461559990561208,0.08758122933610897,0.09814491750494779,-0.598251818652742
199,-1.115980348737484,1.1934509396818274,1.6325693498312401,-0.25254004963907156,0.9718385451454333,0.2734118316426568
317,0.6439247782325189,0.045376284009890834,-0.4195429614091455,0.7678237872864702,0.2728836430330449,0.2734118316426568
378,1.6470972506474597,0.3733976142018727,0.7775225534810796,0.7678237872864702,0.9718385451454333,0.2734118316426568
968,2.9169890486757892,-0.610666376374073,1.119541272021144,0.9378844267740604,1.6707934472578216,-0.7725845487118218
930,-0.8103244682280671,-1.5947303669500186,0.7775225534810796,-1.4429645260522037,1.4960547217297246,1.1450754819380558
282,-1.4847382372109257,-0.9386877065660549,0.6065131942110474,0.08758122933610897,1.1465772706735302,0.7964100218198962
557,-0.07230824165115106,-0.446655711278082,-1.103580398489274,-1.4429645260522037,-0.7755487101355376,-0.598251818652742
361,-2.8844986173869023,0.8654296094898455,-1.4455991170293383,-0.9327826075894327,-0.07659380802314927,-0.07525362847550279
104,1.8765439617845874,0.8654296094898455,-1.103580398489274,1.448066345236831,-0.42607125907934346,-0.598251818652742
352,-1.5180721837555555,-0.7746770414700639,-1.6166084762993704,-0.4226006891266618,-0.25133253355124635,1.493740942056215
145,-0.1178317813967363,0.2093869491058818,-1.4455991170293383,0.2576418688236992,-1.1250261611917318,-1.1212500088299815
96,0.9014154226470096,-1.266709036758037,1.119541272021144,-1.613025165539794,-0.7755487101355376,1.668073672115295
899,1.4084290137366677,-1.266709036758037,-0.4195429614091455,1.1079450662616506,0.2728836430330449,-1.1212500088299815
209,1.4712921471736393,1.5214722698738092,-0.5905523206791776,0.4277025083112895,1.1465772706735302,-1.4699154689481413
125,-0.27305044646464915,0.2093869491058818,1.6325693498312401,0.7678237872864702,-0.6008099846074406,0.7964100218198962
287,0.6333595918959523,0.5374082792978637,-0.7615616799492096,0.08758122933610897,0.2728836430330449,0.2734118316426568
526,-1.3623376214701863,-0.11863438108610011,1.2905506312911759,0.2576418688236992,0.44762236856114196,-1.1212500088299815
129,1.7002327927089949,1.0294402745858366,0.7775225534810796,-0.9327826075894327,-0.6008099846074406,0.6220772917608165
613,-0.47336056876295046,-1.5947303669500186,-0.7615616799492096,-1.1028432470770229,-0.9502874356636347,-1.2955827388890613
400,-0.42624335800532864,-0.446655711278082,-0.9325710392192418,-1.1028432470770229,1.6707934472578216,-0.7725845487118218
16,-1.0761501702014398,0.3733976142018727,1.6325693498312401,1.6181269847244213,-0.7755487101355376,0.099079101583577
887,1.1541359490894778,0.5374082792978637,0.9485319127511116,0.7678237872864702,-1.649242337776023,0.6220772917608165
998,0.8995146717093965,-1.5947303669500186,0.6065131942110474,0.5977631477988797,-1.299764886719829,-0.7725845487118218
885,0.5249359355089208,-0.610666376374073,0.7775225534810796,0.4277025083112895,-0.42607125907934346,1.1450754819380558
898,-1.5255838565003945,-1.1026983716620458,-0.07752424286908122,-1.4429645260522037,1.4960547217297246,-0.24958635853458258
257,-0.7957332597947226,-1.5947303669500186,-1.4455991170293383,-0.25254004963907156,-0.42607125907934346,0.6220772917608165
25,1.4091922038988718,1.0294402745858366,-1.6166084762993704,-0.7627219681018423,-1.4745036122479258,-0.9469172787709017
350,0.8287853738313953,1.3574616047778183,1.461559990561208,-1.2729038865646132,0.2728836430330449,0.7964100218198962
888,0.4927520457124584,1.0294402745858366,-1.103580398489274,-0.7627219681018423,1.6707934472578216,-0.24958635853458258
969,-1.3949175052420253,0.5374082792978637,-1.4455991170293383,0.4277025083112895,-0.25133253355124635,-1.1212500088299815
416,-0.45326379352097923,1.1934509396818274,1.461559990561208,0.2576418688236992,1.4960547217297246,0.44774456170173665
602,0.799467520438374,1.5214722698738092,0.6065131942110474,-1.1028432470770229,-1.4745036122479258,-1.4699154689481413
272,0.045048578800682054,1.5214722698738092,-0.07752424286908122,-1.4429645260522037,-0.6008099846074406,1.668073672115295
328,-2.150724221877087,-0.7746770414700639,1.119541272021144,1.1079450662616506,1.1465772706735302,1.493740942056215
554,1.5340888679496916,-1.4307197018540276,-1.103580398489274,-0.9327826075894327,-0.07659380802314927,-1.2955827388890613
843,0.046486891551826615,1.3574616047778183,-0.4195429614091455,1.448066345236831,-1.4745036122479258,1.1450754819380558
325,-0.7157497495312005,0.8654296094898455,-0.07752424286908122,1.2780057057492409,-1.649242337776023,0.2734118316426568
68,0.361842729443199,-1.4307197018540276,0.6065131942110474,-0.7627219681018423,-1.299764886719829,-0.7725845487118218
646,-0.6657036799997558,-0.9386877065660549,1.6325693498312401,-1.613025165539794,-0.6008099846074406,0.099079101583577
552,0.32409074347674527,-0.7746770414700639,0.6065131942110474,0.9378844267740604,1.3213159962016274,-0.9469172787709017
439,-0.12958262269268372,0.3733976142018727,-0.7615616799492096,1.6181269847244213,1.1465772706735302,-1.644248199007221
665,-2.126232929978138,1.0294402745858366,-0.5905523206791776,1.1079450662616506,-1.649242337776023,1.493740942056215
537,0.12962792129426529,-0.11863438108610011,-0.7615616799492096,1.448066345236831,-0.07659380802314927,0.2734118316426568
985,0.06721268767617869,-0.11863438108610011,-1.103580398489274,-1.613025165539794,1.3213159962016274,1.1450754819380558
862,-1.4625743425753315,1.3574616047778183,-0.9325710392192418,-0.4226006891266618,1.1465772706735302,0.44774456170173665
82,0.012749435992362845,-0.11863438108610011,-0.9325710392192418,-0.4226006891266618,-1.4745036122479258,1.668073672115295
169,0.5988646987526075,-0.610666376374073,0.7775225534810796,-0.5926613286142522,-0.25133253355124635,-0.07525362847550279
101,-0.9984078512094896,-1.5947303669500186,-1.2745897577593062,0.9378844267740604,-0.6008099846074406,0.970742751878976
493,1.060510306430313,-0.7746770414700639,-0.9325710392192418,1.2780057057492409,0.09814491750494779,-0.598251818652742
296,0.27812356363696666,0.5374082792978637,-0.24853360213911338,-0.08247941015148132,0.44762236856114196,-0.07525362847550279
995,-0.8758463975519905,-1.266709036758037,-0.9325710392192418,-1.2729038865646132,0.7970998196173361,-0.24958635853458258
859,-0.7457164563554717,-0.7746770414700639,-0.07752424286908122,0.5977631477988797,-0.07659380802314927,-0.4239190885936623
947,0.35446852570028764,-0.610666376374073,-1.6166084762993704,-0.5926613286142522,0.622361094089239,-1.4699154689481413
289,-0.054847945070818534,1.3574616047778183,0.7775225534810796,0.5977631477988797,-1.1250261611917318,-0.7725845487118218
680,1.846149780452659,0.7014189443938545,0.26449447567098305,0.5977631477988797,-0.7755487101355376,-0.07525362847550279
55,1.0924206145675377,-1.4307197018540276,-0.24853360213911338,0.08758122933610897,-0.7755487101355376,-1.4699154689481413
582,-0.36378931627547745,-0.11863438108610011,-0.7615616799492096,0.4277025083112895,-1.1250261611917318,0.44774456170173665
95,0.7436746481289236,1.5214722698738092,-0.07752424286908122,0.9378844267740604,0.622361094089239,0.44774456170173665
759,-0.7170048289476344,1.1934509396818274,0.6065131942110474,1.6181269847244213,0.44762236856114196,-1.644248199007221
766,1.636681906329328,-1.5947303669500186,-1.103580398489274,1.6181269847244213,-0.7755487101355376,1.668073672115295
659,1.952743705616857,0.5374082792978637,1.6325693498312401,1.448066345236831,-0.07659380802314927,-0.4239190885936623
610,-0.25242130837757604,-1.266709036758037,0.26449447567098305,-1.2729038865646132,-0.07659380802314927,-1.1212500088299815
919,1.5564371371718961,-0.11863438108610011,-0.07752424286908122,0.9378844267740604,1.3213159962016274,0.099079101583577
921,0.10361954494586208,-1.266709036758037,1.461559990561208,1.2780057057492409,0.9718385451454333,-1.2955827388890613
789,0.010303357833137041,0.2093869491058818,0.6065131942110474,-1.1028432470770229,-0.42607125907934346,0.6220772917608165
976,0.007909423320678911,1.3574616047778183,0.4355038349410152,-1.1028432470770229,0.7970998196173361,1.668073672115295
704,-0.9538592956626706,1.3574616047778183,-1.6166084762993704,1.2780057057492409,0.44762236856114196,0.099079101583577
311,-0.8354584368809717,1.3574616047778183,1.461559990561208,-0.9327826075894327,-1.649242337776023,-1.2955827388890613
775,-0.49826372648876305,1.5214722698738092,-1.6166084762993704,-0.9327826075894327,0.2728836430330449,-0.598251818652742
178,1.4975857999037347,1.3574616047778183,-1.4455991170293383,1.448066345236831,1.3213159962016274,0.7964100218198962
179,-0.05735250394463372,-1.1026983716620458,0.7775225534810796,-0.4226006891266618,-0.42607125907934346,-1.644248199007221
78,-0.7575741969984107,1.1934509396818274,0.26449447567098305,0.9378844267740604,0.09814491750494779,-0.9469172787709017
21,1.1502243602410183,-0.446655711278082,0.6065131942110474,1.6181269847244213,-0.6008099846074406,-0.24958635853458258
454,1.5653211358016068,-1.5947303669500186,-1.6166084762993704,-0.9327826075894327,0.44762236856114196,0.6220772917608165
692,-0.05598215018575227,0.3733976142018727,0.7775225534810796,1.6181269847244213,-0.42607125907934346,-0.7725845487118218
728,1.391658059522014,1.3574616047778183,0.9485319127511116,0.4277025083112895,-1.4745036122479258,-0.07525362847550279
288,-0.7939550936221753,-1.1026983716620458,-0.9325710392192418,-1.2729038865646132,1.6707934472578216,0.44774456170173665
19,-0.5145262681587693,-0.7746770414700639,1.2905506312911759,0.2576418688236992,0.622361094089239,0.2734118316426568
690,-0.9048306017520875,0.3733976142018727,-1.4455991170293383,-1.4429645260522037,1.4960547217297246,-0.598251818652742
188,-1.5656799192762445,1.5214722698738092,0.26449447567098305,-0.25254004963907156,1.6707934472578216,0.6220772917608165
513,0.23090051696437783,1.3574616047778183,0.0934851164009509,0.4277025083112895,0.622361094089239,0.970742751878976
863,1.284003013481951,-0.446655711278082,-1.2745897577593062,-0.08247941015148132,-1.299764886719829,0.099079101583577
514,-1.281011198019742,-1.266709036758037,-0.24853360213911338,-1.4429645260522037,0.7970998196173361,-1.1212500088299815
284,-0.3666519088711685,0.8654296094898455,-0.5905523206791776,0.5977631477988797,-1.4745036122479258,-0.24958635853458258
693,0.6688898558069497,-1.4307197018540276,-1.2745897577593062,-1.4429645260522037,1.4960547217297246,0.7964100218198962
355,-0.47091872340671065,0.8654296094898455,0.6065131942110474,0.2576418688236992,-1.649242337776023,0.099079101583577
685,1.2403678689356368,-0.446655711278082,-1.6166084762993704,0.08758122933610897,1.4960547217297246,-0.24958635853458258
80,0.42376068976406056,0.8654296094898455,-0.24853360213911338,-1.4429645260522037,1.4960547217297246,1.1450754819380558
567,0.4505361136354712,0.045376284009890834,-1.4455991170293383,0.4277025083112895,0.9718385451454333,-1.2955827388890613
975,-0.6544861718496573,1.3574616047778183,1.461559990561208,1.6181269847244213,0.44762236856114196,1.3194082119971355
777,-1.04612425987938,-1.1026983716620458,-1.2745897577593062,1.6181269847244213,1.6707934472578216,-0.7725845487118218
468,-0.5066235551081244,-0.9386877065660549,-1.2745897577593062,-0.5926613286142522,-0.07659380802314927,0.6220772917608165
363,2.170281021920736,1.5214722698738092,-1.6166084762993704,-0.9327826075894327,1.6707934472578216,0.2734118316426568
916,-0.012973922881953608,1.0294402745858366,-1.4455991170293383,-0.08247941015148132,-0.07659380802314927,-1.644248199007221
2,-0.829944485021275,0.045376284009890834,0.26449447567098305,0.5977631477988797,-0.25133253355124635,0.6220772917608165
133,1.9652486302785168,-1.4307197018540276,1.461559990561208,-1.2729038865646132,0.7970998196173361,0.970742751878976
727,-0.5819112257805654,1.1934509396818274,-0.7615616799492096,1.1079450662616506,-0.25133253355124635,-0.24958635853458258
401,0.00815590530132348,0.3733976142018727,-0.9325710392192418,1.448066345236831,-1.4745036122479258,1.668073672115295
638,0.2730727088364061,0.045376284009890834,0.9485319127511116,-0.5926613286142522,0.09814491750494779,0.44774456170173665
590,-1.716414304583669,-0.7746770414700639,-0.7615616799492096,-0.25254004963907156,1.6707934472578216,1.493740942056215
38,-1.298800580906739,0.2093869491058818,1.6325693498312401,1.1079450662616506,0.09814491750494779,0.2734118316426568
147,-0.5323975398452172,-0.610666376374073,0.26449447567098305,1.1079450662616506,-1.1250261611917318,1.1450754819380558
917,-1.1755387145455802,-0.2826450461820911,-0.9325710392192418,-0.9327826075894327,0.7970998196173361,-0.24958635853458258
407,-1.0191607217042578,0.2093869491058818,-0.24853360213911338,1.1079450662616506,0.09814491750494779,1.668073672115295
376,-0.9247578564416437,1.5214722698738092,-1.4455991170293383,-1.2729038865646132,-0.6008099846074406,-0.24958635853458258
667,-0.08989389703641353,-0.11863438108610011,0.0934851164009509,-0.7627219681018423,-0.9502874356636347,0.2734118316426568
456,0.4113250174299177,0.8654296094898455,-0.24853360213911338,-0.9327826075894327,0.9718385451454333,0.7964100218198962
504,-1.35178839531919,1.3574616047778183,1.2905506312911759,1.1079450662616506,-1.649242337776023,-0.7725845487118218
795,0.32429389028089084,0.2093869491058818,1.2905506312911759,-0.7627219681018423,-0.25133253355124635,0.44774456170173665
673,0.885022382043357,-0.610666376374073,-1.2745897577593062,-1.1028432470770229,-0.6008099846074406,-0.7725845487118218
801,-1.367587420089065,1.1934509396818274,0.4355038349410152,-0.4226006891266618,0.09814491750494779,0.44774456170173665
132,0.632735919897272,1.3574616047778183,-1.6166084762993704,1.448066345236831,-0.07659380802314927,1.668073672115295
562,2.386835157501285,-0.610666376374073,1.461559990561208,0.9378844267740604,0.09814491750494779,-0.07525362847550279
10,1.0138251661879494,1.1934509396818274,0.9485319127511116,-0.7627219681018423,1.4960547217297246,0.2734118316426568
534,0.6172507821303261,-1.5947303669500186,0.7775225534810796,-0.7627219681018423,0.7970998196173361,-1.2955827388890613
251,0.068833791571206,0.3733976142018727,-0.9325710392192418,1.448066345236831,0.9718385451454333,-0.9469172787709017
889,-0.8665284328262852,0.3733976142018727,-0.9325710392192418,0.4277025083112895,0.44762236856114196,-0.9469172787709017
890,-1.624975926977563,-0.2826450461820911,-0.07752424286908122,-0.7627219681018423,-1.299764886719829,0.2734118316426568
606,-0.17255104952001155,-1.5947303669500186,-0.24853360213911338,-0.9327826075894327,-0.42607125907934346,0.6220772917608165
841,0.12706597271797573,-0.9386877065660549,0.26449447567098305,-0.4226006891266618,-0.07659380802314927,0.44774456170173665
950,-0.3391006687459629,0.7014189443938545,-0.5905523206791776,-0.7627219681018423,0.44762236856114196,1.1450754819380558
194,0.530262946567933,-0.7746770414700639,0.6065131942110474,-1.613025165539794,-0.07659380802314927,-0.7725845487118218
873,0.013839069290867772,-0.610666376374073,-0.9325710392192418,-0.9327826075894327,1.4960547217297246,1.668073672115295
603,0.6993771409216368,1.1934509396818274,1.119541272021144,1.6181269847244213,-0.42607125907934346,-0.598251818652742
67,-0.02437188981716258,1.3574616047778183,0.6065131942110474,-1.613025165539794,-0.42607125907934346,-0.598251818652742
336,0.9569158594419426,-1.1026983716620458,-1.2745897577593062,1.6181269847244213,1.1465772706735302,-0.24958635853458258
142,0.2451264441230888,-0.9386877065660549,0.4355038349410152,-0.9327826075894327,0.7970998196173361,1.3194082119971355
695,1.0356407847269562,0.5374082792978637,1.461559990561208,-0.25254004963907156,0.2728836430330449,0.970742751878976
498,0.4406977247852731,1.5214722698738092,1.461559990561208,-1.1028432470770229,1.4960547217297246,-0.7725845487118218
839,-0.7813251117307853,-1.266709036758037,-0.07752424286908122,-1.2729038865646132,1.6707934472578216,-0.598251818652742
779,0.7057265673706087,0.8654296094898455,0.6065131942110474,1.1079450662616506,-0.07659380802314927,1.493740942056215
450,-0.6565045329717245,1.1934509396818274,-0.7615616799492096,-0.5926613286142522,0.09814491750494779,0.6220772917608165
620,0.8742961632757636,-0.2826450461820911,0.26449447567098305,-1.2729038865646132,0.44762236856114196,-0.24958635853458258
909,1.0559192519341045,-1.5947303669500186,-1.4455991170293383,-0.5926613286142522,1.6707934472578216,1.493740942056215
686,0.05876233576145566,1.0294402745858366,-0.24853360213911338,0.5977631477988797,-1.649242337776023,-1.4699154689481413
722,1.9880412660313438,0.2093869491058818,-0.7615616799492096,-1.1028432470770229,0.622361094089239,-0.07525362847550279
313,0.5775060094515514,0.3733976142018727,-1.2745897577593062,0.9378844267740604,0.44762236856114196,-0.9469172787709017
316,1.2519016052821585,-1.5947303669500186,-0.07752424286908122,-0.25254004963907156,0.7970998196173361,1.1450754819380558
402,0.5850593988553422,1.3574616047778183,0.6065131942110474,0.2576418688236992,0.9718385451454333,0.6220772917608165
192,0.2500055471350609,1.0294402745858366,-1.4455991170293383,1.448066345236831,1.4960547217297246,0.099079101583577
747,-0.8131255577581364,-1.266709036758037,-0.7615616799492096,-1.1028432470770229,-1.649242337776023,1.668073672115295
907,-0.6503517322608382,-0.11863438108610011,1.2905506312911759,-0.5926613286142522,1.4960547217297246,-0.598251818652742
540,0.14086023351935992,-0.11863438108610011,0.9485319127511116,0.4277025083112895,1.6707934472578216,-0.07525362847550279
676,-0.7117145796189677,-0.2826450461820911,0.26449447567098305,-0.08247941015148132,1.3213159962016274,1.668073672115295
62,0.20472547324703635,-0.446655711278082,0.4355038349410152,-0.25254004963907156,0.7970998196173361,0.970742751878976
422,0.9973180935717957,1.3574616047778183,0.26449447567098305,1.6181269847244213,-0.6008099846074406,-0.598251818652742
740,-0.6935959668642921,-1.4307197018540276,-1.4455991170293383,0.7678237872864702,-1.649242337776023,1.668073672115295
304,-1.234784742344933,1.3574616047778183,-0.9325710392192418,0.4277025083112895,-0.25133253355124635,0.2734118316426568
427,-1.3596857565899534,-1.266709036758037,-0.5905523206791776,-0.4226006891266618,1.1465772706735302,-1.644248199007221
687,1.3728134717312523,1.0294402745858366,-0.07752424286908122,-0.5926613286142522,-0.9502874356636347,-0.07525362847550279
927,1.497581729122951,-1.5947303669500186,-0.7615616799492096,0.4277025083112895,-0.7755487101355376,1.1450754819380558
744,1.323797010648093,-1.4307197018540276,-0.4195429614091455,-0.08247941015148132,1.4960547217297246,0.099079101583577
391,-0.03750392590083775,0.3733976142018727,-1.2745897577593062,-1.4429645260522037,-1.4745036122479258,-0.07525362847550279
39,0.29006582844072193,0.2093869491058818,-0.07752424286908122,0.9378844267740604,1.1465772706735302,1.493740942056215
248,-1.0063239665391053,-1.5947303669500186,-1.4455991170293383,0.5977631477988797,0.9718385451454333,-0.07525362847550279
360,-0.5250702847453103,-0.610666376374073,-0.24853360213911338,-0.08247941015148132,-1.299764886719829,-0.4239190885936623
882,-1.3408776352998044,-1.5947303669500186,-1.6166084762993704,0.4277025083112895,-0.6008099846074406,-1.644248199007221
984,-2.536574924490555,0.8654296094898455,1.461559990561208,0.2576418688236992,-1.1250261611917318,-0.24958635853458258
322,-0.6988508874952166,-0.9386877065660549,0.9485319127511116,1.448066345236831,-0.9502874356636347,0.7964100218198962
323,-0.8147646439478169,0.045376284009890834,1.2905506312911759,-0.25254004963907156,-1.4745036122479258,-1.1212500088299815
120,-0.47035657151341925,-0.7746770414700639,-1.4455991170293383,1.1079450662616506,0.7970998196173361,0.2734118316426568
330,-1.0805864906451064,-0.11863438108610011,0.4355038349410152,-0.25254004963907156,-1.299764886719829,1.1450754819380558
803,0.5522371277382812,-1.4307197018540276,1.461559990561208,-0.5926613286142522,-0.6008099846074406,-0.9469172787709017
988,-0.5194915446620425,-0.11863438108610011,0.0934851164009509,0.4277025083112895,1.6707934472578216,1.493740942056215
708,-0.557327401495493,0.2093869491058818,-0.24853360213911338,0.4277025083112895,-1.649242337776023,-0.598251818652742
81,0.09297826728471652,1.5214722698738092,-0.7615616799492096,0.4277025083112895,-0.25133253355124635,1.1450754819380558
440,-0.12327037520033238,-1.4307197018540276,-1.2745897577593062,-0.08247941015148132,0.622361094089239,-0.07525362847550279
604,-0.3693699867504209,-0.2826450461820911,0.9485319127511116,-0.5926613286142522,-0.6008099846074406,-0.4239190885936623
630,0.6713489832742991,-1.1026983716620458,1.6325693498312401,0.08758122933610897,-0.42607125907934346,0.44774456170173665
999,-0.6250261654974087,-1.1026983716620458,0.9485319127511116,1.1079450662616506,-0.6008099846074406,-0.4239190885936623
380,-0.0849851220573955,1.0294402745858366,1.6325693498312401,-1.4429645260522037,-0.42607125907934346,0.2734118316426568
922,-1.0866948870985964,1.0294402745858366,1.6325693498312401,-1.4429645260522037,0.9718385451454333,-0.9469172787709017
500,3.1905026025750045,-1.266709036758037,0.7775225534810796,-0.08247941015148132,-0.6008099846074406,-0.07525362847550279
579,-0.279494677188599,1.0294402745858366,1.119541272021144,-1.4429645260522037,-0.7755487101355376,-0.07525362847550279
483,-0.2545094686858124,0.045376284009890834,0.4355038349410152,-1.2729038865646132,0.7970998196173361,-1.644248199007221
529,1.426757035758237,-1.266709036758037,-1.2745897577593062,-0.5926613286142522,0.2728836430330449,-0.7725845487118218
938,0.8115519964344601,1.1934509396818274,1.119541272021144,0.4277025083112895,-1.4745036122479258,-0.24958635853458258
348,0.3796080557449696,-1.4307197018540276,-0.7615616799492096,-1.2729038865646132,1.6707934472578216,-1.644248199007221
241,0.19702308085505604,0.7014189443938545,-0.5905523206791776,-0.4226006891266618,0.7970998196173361,0.7964100218198962
412,-1.6740309940563203,-0.2826450461820911,1.461559990561208,-0.5926613286142522,1.6707934472578216,-0.4239190885936623
428,-0.35876471446707503,-1.1026983716620458,-0.5905523206791776,1.6181269847244213,-0.07659380802314927,0.970742751878976
33,0.18427206067636837,1.5214722698738092,-1.2745897577593062,0.7678237872864702,1.3213159962016274,1.3194082119971355
518,-2.193973209841495,-0.9386877065660549,-0.9325710392192418,-0.9327826075894327,0.9718385451454333,0.099079101583577
310,-2.5527557186821284,0.2093869491058818,0.6065131942110474,-1.613025165539794,1.3213159962016274,-0.598251818652742
99,0.3651217843523693,1.1934509396818274,0.4355038349410152,1.448066345236831,1.6707934472578216,1.668073672115295
298,-0.481559034395086,1.3574616047778183,0.7775225534810796,-0.4226006891266618,0.44762236856114196,1.668073672115295
70,-0.5029190897485298,-1.4307197018540276,0.9485319127511116,-1.1028432470770229,-1.4745036122479258,1.493740942056215
944,2.278683122747331,1.5214722698738092,-0.07752424286908122,1.1079450662616506,0.44762236856114196,1.3194082119971355
174,0.18532177770641597,0.3733976142018727,0.0934851164009509,0.9378844267740604,-1.649242337776023,-0.24958635853458258
157,0.5965706323736958,-0.610666376374073,-0.9325710392192418,-0.9327826075894327,0.09814491750494779,0.2734118316426568
175,-0.23974737863882944,-1.5947303669500186,-0.5905523206791776,0.4277025083112895,1.1465772706735302,-0.4239190885936623
308,1.0211686926115,-1.4307197018540276,0.26449447567098305,-1.613025165539794,1.1465772706735302,0.6220772917608165
563,1.0169749482355486,1.3574616047778183,1.119541272021144,-0.08247941015148132,0.9718385451454333,-1.4699154689481413
458,1.5080413520841565,-1.266709036758037,1.2905506312911759,-0.5926613286142522,1.4960547217297246,1.1450754819380558
623,1.0004835507724557,1.5214722698738092,-1.103580398489274,0.5977631477988797,-1.299764886719829,1.493740942056215
774,-0.10678786633722083,-0.7746770414700639,-0.9325710392192418,-1.1028432470770229,-0.07659380802314927,-0.07525362847550279
633,2.019070682828257,-0.9386877065660549,1.119541272021144,0.9378844267740604,-0.42607125907934346,-1.1212500088299815
13,-0.2671673749864149,1.0294402745858366,0.9485319127511116,-0.9327826075894327,1.1465772706735302,-0.24958635853458258
9,-0.5385084170154848,-0.610666376374073,1.461559990561208,-0.25254004963907156,-0.07659380802314927,0.2734118316426568
656,0.7743310687303202,0.3733976142018727,0.7775225534810796,-0.5926613286142522,-1.649242337776023,0.7964100218198962
387,0.5366511117155726,1.3574616047778183,-1.103580398489274,0.4277025083112895,-1.299764886719829,-1.644248199007221
208,-1.0741194418614712,-0.446655711278082,0.4355038349410152,0.5977631477988797,-0.42607125907934346,0.6220772917608165
524,0.48924165529035823,-0.446655711278082,-1.103580398489274,0.08758122933610897,-1.1250261611917318,-0.598251818652742
324,0.4179656142417588,1.5214722698738092,0.9485319127511116,1.1079450662616506,-1.1250261611917318,1.3194082119971355
850,0.7690424848286855,0.3733976142018727,1.6325693498312401,-0.9327826075894327,0.7970998196173361,-0.598251818652742
191,-0.35607552092332634,-0.446655711278082,-1.6166084762993704,-0.9327826075894327,-1.1250261611917318,1.3194082119971355
932,-1.4810834393659202,0.7014189443938545,-0.24853360213911338,1.2780057057492409,0.09814491750494779,1.3194082119971355
639,-0.524068392834039,-1.4307197018540276,0.9485319127511116,-0.7627219681018423,-0.07659380802314927,0.970742751878976
601,0.8224415575894255,1.3574616047778183,-1.103580398489274,-1.613025165539794,0.7970998196173361,1.3194082119971355
277,-0.8044333017202773,-1.5947303669500186,1.119541272021144,1.448066345236831,-0.9502874356636347,1.3194082119971355
134,-1.1976456118112377,0.2093869491058818,1.119541272021144,-1.1028432470770229,1.1465772706735302,0.7964100218198962
642,0.14669365889435187,0.7014189443938545,0.0934851164009509,1.1079450662616506,-0.42607125907934346,-1.4699154689481413
472,-0.8642860555305941,1.0294402745858366,-1.2745897577593062,-0.7627219681018423,-0.07659380802314927,-1.4699154689481413
904,-1.5311050015689593,-0.9386877065660549,0.0934851164009509,-1.4429645260522037,0.44762236856114196,-1.1212500088299815
790,1.7150602489265572,1.5214722698738092,-1.6166084762993704,0.9378844267740604,1.4960547217297246,-0.4239190885936623
752,0.06665762012459588,0.045376284009890834,-0.7615616799492096,0.08758122933610897,0.622361094089239,-0.7725845487118218
897,-1.0812680864762345,-1.5947303669500186,-1.2745897577593062,1.6181269847244213,-1.4745036122479258,-0.4239190885936623
698,0.5644582171415318,0.8654296094898455,0.7775225534810796,0.08758122933610897,-0.25133253355124635,1.1450754819380558
368,-0.45127522228403044,0.7014189443938545,0.7775225534810796,-0.4226006891266618,-0.07659380802314927,-0.7725845487118218
167,1.0749477330514683,0.045376284009890834,0.7775225534810796,1.1079450662616506,1.6707934472578216,-0.24958635853458258
73,-1.6679844268173256,0.8654296094898455,-1.6166084762993704,-1.613025165539794,1.4960547217297246,-0.4239190885936623
374,-0.7547357141569656,0.7014189443938545,0.26449447567098305,0.4277025083112895,-0.7755487101355376,0.099079101583577
569,-1.079710211934404,-0.11863438108610011,-1.103580398489274,0.4277025083112895,-0.25133253355124635,-1.4699154689481413
800,0.2755328134244046,1.5214722698738092,-0.24853360213911338,-1.613025165539794,-0.07659380802314927,1.493740942056215
908,-0.9809343776688606,0.2093869491058818,0.4355038349410152,-1.613025165539794,-0.6008099846074406,-0.07525362847550279
56,0.6601517983711831,0.8654296094898455,-1.4455991170293383,0.2576418688236992,-0.6008099846074406,-0.9469172787709017
218,0.29142602234750453,0.045376284009890834,1.2905506312911759,-0.08247941015148132,1.4960547217297246,-1.644248199007221
109,-0.662224167345065,-1.266709036758037,-0.9325710392192418,1.6181269847244213,-1.299764886719829,0.099079101583577
948,0.6666552140366292,-1.266709036758037,-1.4455991170293383,-0.4226006891266618,-1.1250261611917318,-1.1212500088299815
227,0.622151889819767,-1.4307197018540276,-0.5905523206791776,0.2576418688236992,-1.299764886719829,0.099079101583577
750,0.9970615466260587,-0.2826450461820911,-0.7615616799492096,0.2576418688236992,0.7970998196173361,-0.598251818652742
715,0.5109140621993689,0.3733976142018727,0.26449447567098305,0.7678237872864702,0.9718385451454333,-0.7725845487118218
369,1.640612966612961,0.7014189443938545,1.6325693498312401,0.2576418688236992,-0.42607125907934346,-0.07525362847550279
27,1.5900453897882592,1.1934509396818274,0.9485319127511116,-0.25254004963907156,1.6707934472578216,-1.2955827388890613
161,0.5474531135779495,-1.4307197018540276,0.4355038349410152,0.2576418688236992,-0.07659380802314927,-1.644248199007221
896,-0.0885609228774807,-1.1026983716620458,1.6325693498312401,-1.613025165539794,0.7970998196173361,1.493740942056215
559,0.022300841000626938,1.0294402745858366,0.4355038349410152,-0.4226006891266618,1.1465772706735302,-0.4239190885936623
114,-0.2175158754957496,-0.7746770414700639,1.6325693498312401,0.08758122933610897,0.44762236856114196,-0.598251818652742
219,0.8530618344010413,0.3733976142018727,0.6065131942110474,1.1079450662616506,0.7970998196173361,-1.644248199007221
505,0.46824019924395904,0.7014189443938545,1.461559990561208,1.1079450662616506,1.6707934472578216,1.1450754819380558
276,1.7173984985666322,0.5374082792978637,1.6325693498312401,0.2576418688236992,-0.6008099846074406,1.668073672115295
7,0.308863692136176,-1.5947303669500186,-0.4195429614091455,0.4277025083112895,1.6707934472578216,1.3194082119971355
996,1.1321238186958937,-1.266709036758037,-1.2745897577593062,-0.7627219681018423,-0.25133253355124635,-0.598251818652742
961,-0.09315243108726226,-0.7746770414700639,1.461559990561208,1.1079450662616506,-1.649242337776023,1.668073672115295
575,-0.11469788810539884,0.3733976142018727,1.6325693498312401,0.5977631477988797,-0.42607125907934346,1.493740942056215
662,1.3964437485279004,-1.1026983716620458,-0.5905523206791776,0.4277025083112895,1.6707934472578216,-1.1212500088299815
140,0.08505288399532199,1.3574616047778183,-0.7615616799492096,-1.1028432470770229,-0.7755487101355376,-1.1212500088299815
20,-0.6846809952764439,1.5214722698738092,-0.9325710392192418,1.448066345236831,-0.07659380802314927,-1.4699154689481413
335,1.3063484901766846,-0.7746770414700639,0.26449447567098305,0.4277025083112895,0.622361094089239,-1.4699154689481413
706,-1.4794637656495069,1.0294402745858366,-1.2745897577593062,-1.1028432470770229,1.3213159962016274,1.3194082119971355
84,-0.11294264200263643,1.5214722698738092,-0.7615616799492096,1.1079450662616506,0.7970998196173361,1.3194082119971355
279,1.1266467598160266,1.3574616047778183,1.6325693498312401,-0.25254004963907156,1.1465772706735302,-0.7725845487118218
211,-0.7926687462523435,0.045376284009890834,-0.07752424286908122,-1.613025165539794,-1.1250261611917318,-0.598251818652742
260,0.14052355804230854,1.0294402745858366,-0.24853360213911338,0.5977631477988797,-1.649242337776023,1.1450754819380558
461,-0.467326143652229,-0.7746770414700639,-1.6166084762993704,-1.1028432470770229,0.09814491750494779,-1.2955827388890613
379,0.6024535178787922,-0.7746770414700639,0.7775225534810796,0.9378844267740604,-0.42607125907934346,-1.1212500088299815
302,-0.26458808687553004,-0.610666376374073,-0.7615616799492096,1.1079450662616506,-0.42607125907934346,0.099079101583577
273,-0.2262908112019521,-0.11863438108610011,-0.07752424286908122,1.448066345236831,-1.4745036122479258,-1.2955827388890613
989,0.3465321282280522,-0.9386877065660549,-0.7615616799492096,-0.9327826075894327,-0.6008099846074406,1.3194082119971355
261,-1.1619873622541537,-1.1026983716620458,-1.6166084762993704,-1.2729038865646132,-0.42607125907934346,-0.4239190885936623
900,-0.39413795025829806,-0.446655711278082,-1.4455991170293383,-0.4226006891266618,0.44762236856114196,0.970742751878976
438,1.1799771657897857,-0.446655711278082,-1.103580398489274,-0.08247941015148132,1.6707934472578216,-0.24958635853458258
210,0.9067853691927263,-0.446655711278082,-0.9325710392192418,-0.7627219681018423,-0.7755487101355376,1.493740942056215
808,0.9050352462538672,0.7014189443938545,1.461559990561208,1.6181269847244213,-0.9502874356636347,0.970742751878976
40,-0.04893617729794673,-0.610666376374073,0.7775225534810796,-0.7627219681018423,-0.7755487101355376,1.668073672115295
83,-0.5146988599838915,1.3574616047778183,0.0934851164009509,-1.1028432470770229,1.1465772706735302,-0.24958635853458258
351,1.6851031763979905,-1.1026983716620458,0.9485319127511116,-0.7627219681018423,-0.42607125907934346,1.668073672115295
397,1.3832137282507122,0.5374082792978637,1.2905506312911759,0.08758122933610897,-0.7755487101355376,-0.9469172787709017
314,-0.1730506379880419,1.3574616047778183,-0.24853360213911338,-0.08247941015148132,-0.25133253355124635,-0.24958635853458258
520,0.24252303630950475,0.2093869491058818,0.4355038349410152,1.6181269847244213,-0.25133253355124635,1.493740942056215
983,-0.7597311635853963,0.3733976142018727,0.6065131942110474,0.7678237872864702,0.2728836430330449,-1.1212500088299815
810,0.7565265139102925,1.0294402745858366,-0.5905523206791776,0.9378844267740604,-0.25133253355124635,0.6220772917608165
186,-0.22337419956124016,0.3733976142018727,-0.5905523206791776,0.08758122933610897,-0.7755487101355376,0.970742751878976
154,-1.0760254700884282,-0.2826450461820911,1.6325693498312401,-1.2729038865646132,-0.25133253355124635,-0.07525362847550279
981,-1.1287506930216848,-1.4307197018540276,-0.7615616799492096,-1.613025165539794,0.2728836430330449,-1.4699154689481413
146,0.1142410829732309,0.2093869491058818,-0.7615616799492096,-0.25254004963907156,-0.25133253355124635,-1.1212500088299815
344,0.8542152689519917,-1.266709036758037,-0.7615616799492096,1.2780057057492409,1.1465772706735302,0.44774456170173665
713,-0.8598778705538328,-1.266709036758037,-0.07752424286908122,-1.613025165539794,-0.07659380802314927,-1.2955827388890613
787,0.06874292579958032,1.3574616047778183,0.4355038349410152,-0.25254004963907156,0.7970998196173361,-1.644248199007221
166,-0.012746350823339598,-0.9386877065660549,1.119541272021144,0.2576418688236992,1.4960547217297246,-0.598251818652742
5,-0.5289505819766405,0.3733976142018727,0.6065131942110474,1.448066345236831,0.7970998196173361,-0.7725845487118218
337,-1.8358661027361476,1.1934509396818274,-1.2745897577593062,1.448066345236831,-0.25133253355124635,-0.24958635853458258
849,0.40891513184188083,-0.7746770414700639,-0.4195429614091455,0.4277025083112895,0.09814491750494779,0.2734118316426568
459,0.36301953376485596,1.3574616047778183,-0.24853360213911338,-1.4429645260522037,-0.9502874356636347,-0.4239190885936623
326,-0.5805205281187089,0.7014189443938545,0.0934851164009509,1.2780057057492409,-1.649242337776023,1.493740942056215
867,-0.5470358832444551,-0.7746770414700639,-1.2745897577593062,0.9378844267740604,1.6707934472578216,0.970742751878976
544,1.4076988011179286,-1.266709036758037,-0.7615616799492096,0.2576418688236992,1.3213159962016274,-1.644248199007221
421,0.35723813080614564,0.045376284009890834,-0.7615616799492096,-1.4429645260522037,0.44762236856114196,-0.598251818652742
831,-0.8468210071164869,-0.610666376374073,1.6325693498312401,-0.08247941015148132,-1.649242337776023,-0.07525362847550279
286,1.5905959210584046,-0.9386877065660549,1.119541272021144,0.4277025083112895,-0.42607125907934346,-0.598251818652742
719,2.597013355857759,1.5214722698738092,0.9485319127511116,-0.08247941015148132,-0.25133253355124635,-0.07525362847550279
811,-2.0759792803657873,0.7014189443938545,-0.07752424286908122,-0.25254004963907156,-0.42607125907934346,-0.24958635853458258
737,0.42121122751050755,-0.7746770414700639,-0.07752424286908122,-1.1028432470770229,-0.07659380802314927,0.6220772917608165
906,-0.9396728666438836,1.1934509396818274,0.4355038349410152,-1.1028432470770229,-0.6008099846074406,0.099079101583577
625,0.2681219711981112,-1.5947303669500186,0.26449447567098305,0.9378844267740604,0.622361094089239,0.099079101583577
804,0.07933024284701642,0.7014189443938545,-1.2745897577593062,1.2780057057492409,0.44762236856114196,1.493740942056215
41,-0.19755200535620931,1.3574616047778183,0.7775225534810796,-0.4226006891266618,0.09814491750494779,0.970742751878976
306,0.4222625613075163,1.3574616047778183,-0.7615616799492096,-1.1028432470770229,-0.6008099846074406,0.970742751878976
615,0.6697660102541966,0.7014189443938545,0.0934851164009509,0.4277025083112895,-0.6008099846074406,1.1450754819380558
507,-0.20163602746511336,-1.5947303669500186,0.9485319127511116,0.7678237872864702,-0.07659380802314927,1.668073672115295
205,-0.09131622742674926,-0.2826450461820911,0.26449447567098305,-1.613025165539794,1.6707934472578216,-0.7725845487118218
138,-1.3905287143352671,0.7014189443938545,-0.07752424286908122,1.448066345236831,-1.299764886719829,-0.07525362847550279
72,1.0360165935319718,-1.266709036758037,-0.07752424286908122,0.08758122933610897,1.6707934472578216,1.668073672115295
28,1.6773045499526364,0.3733976142018727,0.26449447567098305,-0.08247941015148132,-1.299764886719829,0.7964100218198962
224,-0.1411793930748917,-0.7746770414700639,-1.103580398489274,-1.2729038865646132,-1.299764886719829,0.099079101583577
367,-1.179990711214418,-0.446655711278082,-1.4455991170293383,-0.25254004963907156,1.6707934472578216,0.099079101583577
338,-0.7007913390831075,1.3574616047778183,1.2905506312911759,-0.08247941015148132,-1.1250261611917318,-0.9469172787709017
49,0.6227657149182858,-1.1026983716620458,1.6325693498312401,0.4277025083112895,0.44762236856114196,-0.4239190885936623
356,1.362917435708057,-0.610666376374073,-1.4455991170293383,-0.9327826075894327,-0.7755487101355376,-0.24958635853458258
180,-0.32499510325974895,0.8654296094898455,-0.9325710392192418,1.1079450662616506,0.7970998196173361,0.099079101583577
837,-0.8692989483459469,-1.1026983716620458,-0.07752424286908122,1.448066345236831,-1.1250261611917318,0.099079101583577
726,1.0728590447586652,-1.1026983716620458,-1.2745897577593062,1.6181269847244213,-0.7755487101355376,-1.644248199007221
773,-0.030834949623660075,0.2093869491058818,-0.07752424286908122,-1.613025165539794,-0.9502874356636347,-1.2955827388890613
527,-0.7269314890221956,-1.266709036758037,0.7775225534810796,1.6181269847244213,0.9718385451454333,-1.4699154689481413
951,-1.6786791720618843,1.0294402745858366,0.26449447567098305,0.5977631477988797,0.622361094089239,0.2734118316426568
864,0.26507095460027325,-1.1026983716620458,0.0934851164009509,-0.4226006891266618,-0.42607125907934346,0.970742751878976
570,0.07084779475667158,0.7014189443938545,-0.7615616799492096,-1.2729038865646132,-0.9502874356636347,0.2734118316426568
389,-1.1490284956996146,0.3733976142018727,0.6065131942110474,1.6181269847244213,-0.9502874356636347,-1.644248199007221
761,-0.13541641642650606,-1.5947303669500186,0.26449447567098305,-0.5926613286142522,-1.4745036122479258,-0.24958635853458258
614,-0.5254444923144518,-0.610666376374073,0.7775225534810796,-1.1028432470770229,0.44762236856114196,-0.24958635853458258
390,0.9727119737232359,0.2093869491058818,-0.4195429614091455,0.7678237872864702,0.2728836430330449,0.44774456170173665
725,-1.244728735599042,-0.2826450461820911,1.119541272021144,-0.7627219681018423,0.2728836430330449,-0.598251818652742
91,0.24739073873851655,-0.446655711278082,0.7775225534810796,-1.4429645260522037,-1.4745036122479258,-0.07525362847550279
553,-0.4906060471247708,-0.11863438108610011,0.0934851164009509,-1.613025165539794,-0.7755487101355376,-0.4239190885936623
445,0.09367605124645546,-1.5947303669500186,-0.07752424286908122,0.9378844267740604,0.44762236856114196,-0.9469172787709017
477,-1.5743013531181178,0.8654296094898455,0.9485319127511116,-0.08247941015148132,0.9718385451454333,1.493740942056215
223,1.3688777957417302,0.045376284009890834,0.26449447567098305,0.4277025083112895,0.7970998196173361,-0.24958635853458258
230,-0.840653019899847,-1.1026983716620458,1.461559990561208,-0.5926613286142522,0.44762236856114196,1.1450754819380558
678,-1.2883502845630328,-0.446655711278082,-0.24853360213911338,-0.7627219681018423,-1.4745036122479258,0.970742751878976
883,0.6641693877172763,-1.1026983716620458,-0.4195429614091455,-0.25254004963907156,1.1465772706735302,0.6220772917608165
